type,case,n,trial,mystl_us,std_us,result_size,observation
int,construct/range,100000,1,109.25,26.833,100000,1469598103934665603
int,construct/range,100000,2,125.208,29.208,100000,1469598103934665603
int,construct/range,100000,3,109.584,27.5,100000,1469598103934665603
int,construct/range,100000,4,120.833,35.792,100000,1469598103934665603
int,construct/range,100000,5,111,27.125,100000,1469598103934665603
int,construct/range,100000,6,115.5,28.667,100000,1469598103934665603
int,construct/range,100000,7,110.125,26.5,100000,1469598103934665603
int,construct/copy,100000,1,125.916,150.875,100000,1469598103934665603
int,construct/copy,100000,2,163.5,59.708,100000,1469598103934665603
int,construct/copy,100000,3,114.875,119.875,100000,1469598103934665603
int,construct/copy,100000,4,192.625,127.542,100000,1469598103934665603
int,construct/copy,100000,5,139.292,80.667,100000,1469598103934665603
int,construct/copy,100000,6,138.584,76.583,100000,1469598103934665603
int,construct/copy,100000,7,137.042,76.209,100000,1469598103934665603
int,push_back,100000,1,572.875,120.541,100000,1469598103934665603
int,push_back,100000,2,559.167,120.25,100000,1469598103934665603
int,push_back,100000,3,561.416,117.791,100000,1469598103934665603
int,push_back,100000,4,481.584,103.917,100000,1469598103934665603
int,push_back,100000,5,487.375,104.084,100000,1469598103934665603
int,push_back,100000,6,486.959,104.041,100000,1469598103934665603
int,push_back,100000,7,485.625,104.083,100000,1469598103934665603
int,push_front,100000,1,438.584,303.209,100000,1469598103934665603
int,push_front,100000,2,436,344.791,100000,1469598103934665603
int,push_front,100000,3,437.291,338.042,100000,1469598103934665603
int,push_front,100000,4,438.458,335.917,100000,1469598103934665603
int,push_front,100000,5,437.083,339.333,100000,1469598103934665603
int,push_front,100000,6,405.75,303.375,100000,1469598103934665603
int,push_front,100000,7,391.125,271.25,100000,1469598103934665603
int,push/both_ends,100000,1,380.708,194.958,100000,1469598103934665603
int,push/both_ends,100000,2,377.917,195.208,100000,1469598103934665603
int,push/both_ends,100000,3,373.167,183,100000,1469598103934665603
int,push/both_ends,100000,4,344.875,180.583,100000,1469598103934665603
int,push/both_ends,100000,5,344.917,177.917,100000,1469598103934665603
int,push/both_ends,100000,6,344.791,177.417,100000,1469598103934665603
int,push/both_ends,100000,7,344.417,177.917,100000,1469598103934665603
int,pop_back,100000,1,216.375,143.167,0,5524642750322320588
int,pop_back,100000,2,211.75,143.125,0,5524642750322320588
int,pop_back,100000,3,200.584,132.625,0,5524642750322320588
int,pop_back,100000,4,201.875,132.625,0,5524642750322320588
int,pop_back,100000,5,212.959,132.541,0,5524642750322320588
int,pop_back,100000,6,201.5,132.791,0,5524642750322320588
int,pop_back,100000,7,202.375,132.667,0,5524642750322320588
int,pop_front,100000,1,145.958,130.459,0,10341439537668881234
int,pop_front,100000,2,145.792,130.375,0,10341439537668881234
int,pop_front,100000,3,145.833,130.583,0,10341439537668881234
int,pop_front,100000,4,146,130.458,0,10341439537668881234
int,pop_front,100000,5,146.208,130.208,0,10341439537668881234
int,pop_front,100000,6,146.292,122.458,0,10341439537668881234
int,pop_front,100000,7,136.959,122.292,0,10341439537668881234
int,queue/pop_push,100000,1,363.291,124.792,100000,10341439537668881234
int,queue/pop_push,100000,2,363.208,124.875,100000,10341439537668881234
int,queue/pop_push,100000,3,362.5,124.833,100000,10341439537668881234
int,queue/pop_push,100000,4,365.542,124.792,100000,10341439537668881234
int,queue/pop_push,100000,5,345.542,118.917,100000,10341439537668881234
int,queue/pop_push,100000,6,345.708,118.875,100000,10341439537668881234
int,queue/pop_push,100000,7,344.917,118.792,100000,10341439537668881234
int,read/iterate,100000,1,463.334,452.416,100000,3803280753114334427
int,read/iterate,100000,2,445.833,441.75,100000,3803280753114334427
int,read/iterate,100000,3,443.333,441.625,100000,3803280753114334427
int,read/iterate,100000,4,443.584,441.583,100000,3803280753114334427
int,read/iterate,100000,5,442,441.625,100000,3803280753114334427
int,read/iterate,100000,6,446.167,444.333,100000,3803280753114334427
int,read/iterate,100000,7,439.708,426.125,100000,3803280753114334427
int,read/random,100000,1,438.5,429.458,100000,10390250071428074587
int,read/random,100000,2,428.625,427.375,100000,10390250071428074587
int,read/random,100000,3,420.833,416.25,100000,10390250071428074587
int,read/random,100000,4,415.667,414.291,100000,10390250071428074587
int,read/random,100000,5,418.333,414.167,100000,10390250071428074587
int,read/random,100000,6,418.541,413.5,100000,10390250071428074587
int,read/random,100000,7,414.667,407.208,100000,10390250071428074587
int,middle/insert_erase,8192,1,448.208,51.25,8192,657372632846188409
int,middle/insert_erase,8192,2,452.834,51.334,8192,657372632846188409
int,middle/insert_erase,8192,3,444.042,51.583,8192,657372632846188409
int,middle/insert_erase,8192,4,450.125,51.167,8192,657372632846188409
int,middle/insert_erase,8192,5,450.208,51.417,8192,657372632846188409
int,middle/insert_erase,8192,6,450.209,51.083,8192,657372632846188409
int,middle/insert_erase,8192,7,450.083,51.5,8192,657372632846188409
int,insert/fill_batch,100000,1,21.584,7.334,106250,1469598103934665603
int,insert/fill_batch,100000,2,21.5,7.292,106250,1469598103934665603
int,insert/fill_batch,100000,3,21.458,7.292,106250,1469598103934665603
int,insert/fill_batch,100000,4,21.583,7.333,106250,1469598103934665603
int,insert/fill_batch,100000,5,21.541,7.417,106250,1469598103934665603
int,insert/fill_batch,100000,6,21.5,7.292,106250,1469598103934665603
int,insert/fill_batch,100000,7,21.541,7.333,106250,1469598103934665603
int,insert/range_batch,100000,1,22.625,6.416,106250,1469598103934665603
int,insert/range_batch,100000,2,22.583,6.417,106250,1469598103934665603
int,insert/range_batch,100000,3,22.542,6.459,106250,1469598103934665603
int,insert/range_batch,100000,4,22.625,6.458,106250,1469598103934665603
int,insert/range_batch,100000,5,22.625,6.417,106250,1469598103934665603
int,insert/range_batch,100000,6,22.542,6.375,106250,1469598103934665603
int,insert/range_batch,100000,7,22.5,6.416,106250,1469598103934665603
int,erase/middle_range,100000,1,13,2.292,75000,1469598103934665603
int,erase/middle_range,100000,2,13.208,2.25,75000,1469598103934665603
int,erase/middle_range,100000,3,12.958,2.292,75000,1469598103934665603
int,erase/middle_range,100000,4,13.25,2.209,75000,1469598103934665603
int,erase/middle_range,100000,5,12.959,2.25,75000,1469598103934665603
int,erase/middle_range,100000,6,13.125,2.25,75000,1469598103934665603
int,erase/middle_range,100000,7,12.959,2.25,75000,1469598103934665603
int,assign/same_size,100000,1,30.791,4.833,100000,1469598103934665603
int,assign/same_size,100000,2,31.041,5.083,100000,1469598103934665603
int,assign/same_size,100000,3,30.792,4.833,100000,1469598103934665603
int,assign/same_size,100000,4,30.791,5.084,100000,1469598103934665603
int,assign/same_size,100000,5,34.292,4.916,100000,1469598103934665603
int,assign/same_size,100000,6,30.791,5.083,100000,1469598103934665603
int,assign/same_size,100000,7,30.75,4.833,100000,1469598103934665603
int,resize/grow,100000,1,20.417,3.542,100000,1469598103934665603
int,resize/grow,100000,2,20.458,3.416,100000,1469598103934665603
int,resize/grow,100000,3,20.417,3.542,100000,1469598103934665603
int,resize/grow,100000,4,20.208,3.5,100000,1469598103934665603
int,resize/grow,100000,5,20.542,3.625,100000,1469598103934665603
int,resize/grow,100000,6,20.333,3.458,100000,1469598103934665603
int,resize/grow,100000,7,22.875,3.75,100000,1469598103934665603
int,resize/shrink,100000,1,7.083,0.792,50000,1469598103934665603
int,resize/shrink,100000,2,7.25,0.75,50000,1469598103934665603
int,resize/shrink,100000,3,6.333,0.708,50000,1469598103934665603
int,resize/shrink,100000,4,8.041,0.708,50000,1469598103934665603
int,resize/shrink,100000,5,7.083,0.75,50000,1469598103934665603
int,resize/shrink,100000,6,7.333,0.792,50000,1469598103934665603
int,resize/shrink,100000,7,6.5,0.708,50000,1469598103934665603
string80,construct/range,100000,1,1429.959,1288.834,100000,1469598103934665603
string80,construct/range,100000,2,1414.25,1265,100000,1469598103934665603
string80,construct/range,100000,3,1455.292,1249.959,100000,1469598103934665603
string80,construct/range,100000,4,1523.791,1181.167,100000,1469598103934665603
string80,construct/range,100000,5,1328,1205.625,100000,1469598103934665603
string80,construct/range,100000,6,1364.416,1238.208,100000,1469598103934665603
string80,construct/range,100000,7,1335.209,1167.792,100000,1469598103934665603
string80,construct/copy,100000,1,1415.958,1460.792,100000,1469598103934665603
string80,construct/copy,100000,2,1504.5,1362.458,100000,1469598103934665603
string80,construct/copy,100000,3,1514.5,1247.792,100000,1469598103934665603
string80,construct/copy,100000,4,1444.083,1222.875,100000,1469598103934665603
string80,construct/copy,100000,5,1418.75,1205.208,100000,1469598103934665603
string80,construct/copy,100000,6,1580.292,1226.417,100000,1469598103934665603
string80,construct/copy,100000,7,1439.292,1255.208,100000,1469598103934665603
string80,push_back,100000,1,1706.834,1274.625,100000,1469598103934665603
string80,push_back,100000,2,1735.542,1340.791,100000,1469598103934665603
string80,push_back,100000,3,1779.167,1345.833,100000,1469598103934665603
string80,push_back,100000,4,1696.166,1269.583,100000,1469598103934665603
string80,push_back,100000,5,1779.25,1449.5,100000,1469598103934665603
string80,push_back,100000,6,1763.041,1484.833,100000,1469598103934665603
string80,push_back,100000,7,1774.209,1673.25,100000,1469598103934665603
string80,push_front,100000,1,1669.583,1304.875,100000,1469598103934665603
string80,push_front,100000,2,1659.916,1376.958,100000,1469598103934665603
string80,push_front,100000,3,1585.458,1273.708,100000,1469598103934665603
string80,push_front,100000,4,1936.584,1577.125,100000,1469598103934665603
string80,push_front,100000,5,2177.125,1483.5,100000,1469598103934665603
string80,push_front,100000,6,1760.625,1456.917,100000,1469598103934665603
string80,push_front,100000,7,1660.958,1389.5,100000,1469598103934665603
string80,push/both_ends,100000,1,1665.916,1434.959,100000,1469598103934665603
string80,push/both_ends,100000,2,1882.917,1482.458,100000,1469598103934665603
string80,push/both_ends,100000,3,1756.125,1418.584,100000,1469598103934665603
string80,push/both_ends,100000,4,1955.208,1953.917,100000,1469598103934665603
string80,push/both_ends,100000,5,1749.625,1394.791,100000,1469598103934665603
string80,push/both_ends,100000,6,1740.916,1385.042,100000,1469598103934665603
string80,push/both_ends,100000,7,1644.333,1436.541,100000,1469598103934665603
string80,pop_back,100000,1,1350.708,1205.959,0,17525100415996153287
string80,pop_back,100000,2,1379.584,1222.5,0,17525100415996153287
string80,pop_back,100000,3,1309.291,1219.583,0,17525100415996153287
string80,pop_back,100000,4,1279.125,1225.917,0,17525100415996153287
string80,pop_back,100000,5,1369.667,1285.792,0,17525100415996153287
string80,pop_back,100000,6,1525.417,1278.292,0,17525100415996153287
string80,pop_back,100000,7,1519.042,1472.916,0,17525100415996153287
string80,pop_front,100000,1,1451.792,1250.541,0,18175618029964035775
string80,pop_front,100000,2,1413.875,1373.125,0,18175618029964035775
string80,pop_front,100000,3,1611.042,1434.5,0,18175618029964035775
string80,pop_front,100000,4,1848.667,1491.958,0,18175618029964035775
string80,pop_front,100000,5,2311.167,1897.709,0,18175618029964035775
string80,pop_front,100000,6,2255.75,1801.042,0,18175618029964035775
string80,pop_front,100000,7,1522,1537.917,0,18175618029964035775
string80,queue/pop_push,100000,1,3456.042,3482.292,100000,18175618029964035775
string80,queue/pop_push,100000,2,4039,2835.958,100000,18175618029964035775
string80,queue/pop_push,100000,3,3978.75,36027.625,100000,18175618029964035775
string80,queue/pop_push,100000,4,3381.25,4562.583,100000,18175618029964035775
string80,queue/pop_push,100000,5,3904.25,5116.709,100000,18175618029964035775
string80,queue/pop_push,100000,6,3188.333,4128.459,100000,18175618029964035775
string80,queue/pop_push,100000,7,2965.5,3206.458,100000,18175618029964035775
string80,read/iterate,100000,1,673.583,733.25,100000,12863318320171985603
string80,read/iterate,100000,2,667.916,1033.75,100000,12863318320171985603
string80,read/iterate,100000,3,744.709,691.916,100000,12863318320171985603
string80,read/iterate,100000,4,754.917,764.5,100000,12863318320171985603
string80,read/iterate,100000,5,671.208,705.5,100000,12863318320171985603
string80,read/iterate,100000,6,669.833,719.792,100000,12863318320171985603
string80,read/iterate,100000,7,798.334,700.708,100000,12863318320171985603
string80,read/random,100000,1,2451.042,2064.958,100000,10112900818116643563
string80,read/random,100000,2,2600.542,2480.333,100000,10112900818116643563
string80,read/random,100000,3,2219.917,1454.334,100000,10112900818116643563
string80,read/random,100000,4,2643.75,1733.708,100000,10112900818116643563
string80,read/random,100000,5,2537.416,1545.625,100000,10112900818116643563
string80,read/random,100000,6,2699.875,1620.334,100000,10112900818116643563
string80,read/random,100000,7,4721.542,3951.167,100000,10112900818116643563
string80,middle/insert_erase,8192,1,772.5,968.75,8192,11330741920085228747
string80,middle/insert_erase,8192,2,741.709,767.459,8192,11330741920085228747
string80,middle/insert_erase,8192,3,648.541,729.458,8192,11330741920085228747
string80,middle/insert_erase,8192,4,645.375,705.208,8192,11330741920085228747
string80,middle/insert_erase,8192,5,654.417,713.375,8192,11330741920085228747
string80,middle/insert_erase,8192,6,642.458,723.875,8192,11330741920085228747
string80,middle/insert_erase,8192,7,649.083,723.125,8192,11330741920085228747
string80,insert/fill_batch,100000,1,169.625,143.5,106250,1469598103934665603
string80,insert/fill_batch,100000,2,156.875,130.083,106250,1469598103934665603
string80,insert/fill_batch,100000,3,151.75,125.75,106250,1469598103934665603
string80,insert/fill_batch,100000,4,161.041,131.167,106250,1469598103934665603
string80,insert/fill_batch,100000,5,138.125,139.167,106250,1469598103934665603
string80,insert/fill_batch,100000,6,186.042,144.333,106250,1469598103934665603
string80,insert/fill_batch,100000,7,148.5,148.291,106250,1469598103934665603
string80,insert/range_batch,100000,1,160.041,141.291,106250,1469598103934665603
string80,insert/range_batch,100000,2,142.917,132.584,106250,1469598103934665603
string80,insert/range_batch,100000,3,149.542,128.583,106250,1469598103934665603
string80,insert/range_batch,100000,4,271.25,136.5,106250,1469598103934665603
string80,insert/range_batch,100000,5,139.583,138.958,106250,1469598103934665603
string80,insert/range_batch,100000,6,158.542,120.75,106250,1469598103934665603
string80,insert/range_batch,100000,7,141.125,124.75,106250,1469598103934665603
string80,erase/middle_range,100000,1,396.667,276.333,75000,1469598103934665603
string80,erase/middle_range,100000,2,382.583,296.125,75000,1469598103934665603
string80,erase/middle_range,100000,3,381.209,312.375,75000,1469598103934665603
string80,erase/middle_range,100000,4,404.458,285.708,75000,1469598103934665603
string80,erase/middle_range,100000,5,345.291,322.792,75000,1469598103934665603
string80,erase/middle_range,100000,6,372,329.375,75000,1469598103934665603
string80,erase/middle_range,100000,7,366.25,309.833,75000,1469598103934665603
string80,assign/same_size,100000,1,1473,1508.583,100000,1469598103934665603
string80,assign/same_size,100000,2,1578.583,1703.75,100000,1469598103934665603
string80,assign/same_size,100000,3,1581.167,1574.666,100000,1469598103934665603
string80,assign/same_size,100000,4,1696.042,2013.542,100000,1469598103934665603
string80,assign/same_size,100000,5,1976.458,1712.167,100000,1469598103934665603
string80,assign/same_size,100000,6,1550.083,1481.875,100000,1469598103934665603
string80,assign/same_size,100000,7,1734.5,1528.083,100000,1469598103934665603
string80,resize/grow,100000,1,146.416,45.375,100000,1469598103934665603
string80,resize/grow,100000,2,138.75,44,100000,1469598103934665603
string80,resize/grow,100000,3,182.208,44.042,100000,1469598103934665603
string80,resize/grow,100000,4,125.542,36.25,100000,1469598103934665603
string80,resize/grow,100000,5,150.458,63.291,100000,1469598103934665603
string80,resize/grow,100000,6,138.291,46.75,100000,1469598103934665603
string80,resize/grow,100000,7,110.791,52.042,100000,1469598103934665603
string80,resize/shrink,100000,1,759.375,672.541,50000,1469598103934665603
string80,resize/shrink,100000,2,701.166,621.334,50000,1469598103934665603
string80,resize/shrink,100000,3,691,658,50000,1469598103934665603
string80,resize/shrink,100000,4,673.583,591.416,50000,1469598103934665603
string80,resize/shrink,100000,5,659.958,580.5,50000,1469598103934665603
string80,resize/shrink,100000,6,641.458,655.209,50000,1469598103934665603
string80,resize/shrink,100000,7,646,558.166,50000,1469598103934665603
large512,construct/range,100000,1,4751.208,3346.708,100000,1469598103934665603
large512,construct/range,100000,2,4462.917,3387.084,100000,1469598103934665603
large512,construct/range,100000,3,4502.75,3437.292,100000,1469598103934665603
large512,construct/range,100000,4,4487.375,3317.209,100000,1469598103934665603
large512,construct/range,100000,5,4443.209,3428.209,100000,1469598103934665603
large512,construct/range,100000,6,4521.833,3451.708,100000,1469598103934665603
large512,construct/range,100000,7,4494.667,3459.334,100000,1469598103934665603
large512,construct/copy,100000,1,5231.084,3801.084,100000,1469598103934665603
large512,construct/copy,100000,2,5128.125,3916.125,100000,1469598103934665603
large512,construct/copy,100000,3,6838.584,5648.791,100000,1469598103934665603
large512,construct/copy,100000,4,6085.334,6920.5,100000,1469598103934665603
large512,construct/copy,100000,5,7602.875,4317.167,100000,1469598103934665603
large512,construct/copy,100000,6,5986.459,4299.958,100000,1469598103934665603
large512,construct/copy,100000,7,5632.666,4003.416,100000,1469598103934665603
large512,push_back,100000,1,5492.25,3545.292,100000,1469598103934665603
large512,push_back,100000,2,5419.5,3895.583,100000,1469598103934665603
large512,push_back,100000,3,5730.791,4046.041,100000,1469598103934665603
large512,push_back,100000,4,5426.875,3860.791,100000,1469598103934665603
large512,push_back,100000,5,5196.791,3796.5,100000,1469598103934665603
large512,push_back,100000,6,5416.583,3654.5,100000,1469598103934665603
large512,push_back,100000,7,5206.25,3574,100000,1469598103934665603
large512,push_front,100000,1,5710.875,4290.625,100000,1469598103934665603
large512,push_front,100000,2,5432.917,4320.625,100000,1469598103934665603
large512,push_front,100000,3,5182,4373.875,100000,1469598103934665603
large512,push_front,100000,4,5439.167,4108.708,100000,1469598103934665603
large512,push_front,100000,5,5402.625,4443.625,100000,1469598103934665603
large512,push_front,100000,6,5503.167,4193.875,100000,1469598103934665603
large512,push_front,100000,7,5474.292,4497.666,100000,1469598103934665603
large512,push/both_ends,100000,1,5109.208,4203.542,100000,1469598103934665603
large512,push/both_ends,100000,2,5437.042,4379.125,100000,1469598103934665603
large512,push/both_ends,100000,3,4879.041,3813.584,100000,1469598103934665603
large512,push/both_ends,100000,4,4856.375,3731.375,100000,1469598103934665603
large512,push/both_ends,100000,5,5236.042,3952.334,100000,1469598103934665603
large512,push/both_ends,100000,6,5067.459,3776.041,100000,1469598103934665603
large512,push/both_ends,100000,7,5075.959,3838,100000,1469598103934665603
large512,pop_back,100000,1,3132.292,2286.5,0,3868661954477560995
large512,pop_back,100000,2,3919.25,2353.166,0,3868661954477560995
large512,pop_back,100000,3,3248.375,2308.333,0,3868661954477560995
large512,pop_back,100000,4,3753.375,2045.792,0,3868661954477560995
large512,pop_back,100000,5,3223.125,2410.666,0,3868661954477560995
large512,pop_back,100000,6,3823.708,2004.833,0,3868661954477560995
large512,pop_back,100000,7,3221.292,2494.25,0,3868661954477560995
large512,pop_front,100000,1,6730.958,2334.083,0,14036710227577684739
large512,pop_front,100000,2,6712,1997.042,0,14036710227577684739
large512,pop_front,100000,3,6601.083,1930,0,14036710227577684739
large512,pop_front,100000,4,6180.166,1943.833,0,14036710227577684739
large512,pop_front,100000,5,6517.958,1929.208,0,14036710227577684739
large512,pop_front,100000,6,6427.542,2148.958,0,14036710227577684739
large512,pop_front,100000,7,6142.166,2173.792,0,14036710227577684739
large512,queue/pop_push,100000,1,935280.958,4327.291,100000,14036710227577684739
large512,queue/pop_push,100000,2,917058.25,4629.625,100000,14036710227577684739
large512,queue/pop_push,100000,3,915580.167,4183.292,100000,14036710227577684739
large512,queue/pop_push,100000,4,919387.625,4095.583,100000,14036710227577684739
large512,queue/pop_push,100000,5,916349.333,4958.25,100000,14036710227577684739
large512,queue/pop_push,100000,6,919482.666,4853.667,100000,14036710227577684739
large512,queue/pop_push,100000,7,914968.791,4877.042,100000,14036710227577684739
large512,read/iterate,100000,1,1809.041,2036.542,100000,2121653463829074307
large512,read/iterate,100000,2,1802.167,1686.833,100000,2121653463829074307
large512,read/iterate,100000,3,1773.417,1488.375,100000,2121653463829074307
large512,read/iterate,100000,4,1808.458,1610.083,100000,2121653463829074307
large512,read/iterate,100000,5,1853.667,1494.916,100000,2121653463829074307
large512,read/iterate,100000,6,3254.416,1627.209,100000,2121653463829074307
large512,read/iterate,100000,7,1848.25,1666.959,100000,2121653463829074307
large512,read/random,100000,1,2175.208,2090.875,100000,7617052597758226043
large512,read/random,100000,2,1946.458,2156.458,100000,7617052597758226043
large512,read/random,100000,3,2118.583,2079.792,100000,7617052597758226043
large512,read/random,100000,4,1950.792,2120.417,100000,7617052597758226043
large512,read/random,100000,5,2058.625,2297.416,100000,7617052597758226043
large512,read/random,100000,6,2203.75,2219.666,100000,7617052597758226043
large512,read/random,100000,7,2054.292,2077.625,100000,7617052597758226043
large512,middle/insert_erase,8192,1,8392.75,7737.417,8192,9260755900585108099
large512,middle/insert_erase,8192,2,8342.459,7701.167,8192,9260755900585108099
large512,middle/insert_erase,8192,3,8259.083,7717.5,8192,9260755900585108099
large512,middle/insert_erase,8192,4,8163.583,7705.708,8192,9260755900585108099
large512,middle/insert_erase,8192,5,8331.5,7722.958,8192,9260755900585108099
large512,middle/insert_erase,8192,6,8175.542,7709.167,8192,9260755900585108099
large512,middle/insert_erase,8192,7,8214.709,7708.083,8192,9260755900585108099
large512,insert/fill_batch,100000,1,1406.667,1628.625,106250,1469598103934665603
large512,insert/fill_batch,100000,2,1275.833,1546.583,106250,1469598103934665603
large512,insert/fill_batch,100000,3,1069.25,1591.542,106250,1469598103934665603
large512,insert/fill_batch,100000,4,1484.917,1517.833,106250,1469598103934665603
large512,insert/fill_batch,100000,5,995.083,1644.625,106250,1469598103934665603
large512,insert/fill_batch,100000,6,1379.208,1812.583,106250,1469598103934665603
large512,insert/fill_batch,100000,7,1277.125,2283.709,106250,1469598103934665603
large512,insert/range_batch,100000,1,1342,1743,106250,1469598103934665603
large512,insert/range_batch,100000,2,1275.625,1787.792,106250,1469598103934665603
large512,insert/range_batch,100000,3,1265.584,1670.916,106250,1469598103934665603
large512,insert/range_batch,100000,4,1438.25,1727.625,106250,1469598103934665603
large512,insert/range_batch,100000,5,1440.708,1904.542,106250,1469598103934665603
large512,insert/range_batch,100000,6,1316.417,1648.375,106250,1469598103934665603
large512,insert/range_batch,100000,7,1162.916,1695.875,106250,1469598103934665603
large512,erase/middle_range,100000,1,2275.458,1305.334,75000,1469598103934665603
large512,erase/middle_range,100000,2,2300.292,1185.208,75000,1469598103934665603
large512,erase/middle_range,100000,3,2184.667,1769.542,75000,1469598103934665603
large512,erase/middle_range,100000,4,2345.417,1307.208,75000,1469598103934665603
large512,erase/middle_range,100000,5,2221.709,1256.541,75000,1469598103934665603
large512,erase/middle_range,100000,6,2271.958,1298.125,75000,1469598103934665603
large512,erase/middle_range,100000,7,2216.459,1244.958,75000,1469598103934665603
large512,assign/same_size,100000,1,1767.5,1715.666,100000,1469598103934665603
large512,assign/same_size,100000,2,1712.458,1714.041,100000,1469598103934665603
large512,assign/same_size,100000,3,1862.666,1717.25,100000,1469598103934665603
large512,assign/same_size,100000,4,1753,1894.292,100000,1469598103934665603
large512,assign/same_size,100000,5,1928.083,1624.333,100000,1469598103934665603
large512,assign/same_size,100000,6,1818.916,1648.541,100000,1469598103934665603
large512,assign/same_size,100000,7,1878.5,1740.625,100000,1469598103934665603
large512,resize/grow,100000,1,2451.791,1580.375,100000,1469598103934665603
large512,resize/grow,100000,2,2263.542,1669.791,100000,1469598103934665603
large512,resize/grow,100000,3,2269.959,1611.541,100000,1469598103934665603
large512,resize/grow,100000,4,2234.125,1671.791,100000,1469598103934665603
large512,resize/grow,100000,5,2279.583,1607.709,100000,1469598103934665603
large512,resize/grow,100000,6,2245,1584.833,100000,1469598103934665603
large512,resize/grow,100000,7,2237.667,1658.416,100000,1469598103934665603
large512,resize/shrink,100000,1,1793.208,959.542,50000,1469598103934665603
large512,resize/shrink,100000,2,1996,757.041,50000,1469598103934665603
large512,resize/shrink,100000,3,1673.417,844.958,50000,1469598103934665603
large512,resize/shrink,100000,4,1978.084,823.041,50000,1469598103934665603
large512,resize/shrink,100000,5,1734.25,923.583,50000,1469598103934665603
large512,resize/shrink,100000,6,1917.458,891.375,50000,1469598103934665603
large512,resize/shrink,100000,7,2005.458,1007.042,50000,1469598103934665603
