type,heap,order,case,n,trial,mystl_us,std_us,remaining,removed,removed_hash
int,max,random,construct/range,100000,1,403.041,416.458,100000,0,1469598103934665603
int,max,random,construct/range,100000,2,355.584,294.334,100000,0,1469598103934665603
int,max,random,construct/range,100000,3,282.042,212.625,100000,0,1469598103934665603
int,max,random,construct/range,100000,4,243.291,169.667,100000,0,1469598103934665603
int,max,random,construct/range,100000,5,214.208,146.208,100000,0,1469598103934665603
int,max,random,construct/range,100000,6,202.166,133.709,100000,0,1469598103934665603
int,max,random,construct/range,100000,7,179.834,119.541,100000,0,1469598103934665603
int,max,random,push/grow,100000,1,934.041,962.667,100000,0,1469598103934665603
int,max,random,push/grow,100000,2,918.125,927.5,100000,0,1469598103934665603
int,max,random,push/grow,100000,3,871.667,898.041,100000,0,1469598103934665603
int,max,random,push/grow,100000,4,895.625,875.167,100000,0,1469598103934665603
int,max,random,push/grow,100000,5,854.583,888.625,100000,0,1469598103934665603
int,max,random,push/grow,100000,6,899.166,921.875,100000,0,1469598103934665603
int,max,random,push/grow,100000,7,868.792,886.208,100000,0,1469598103934665603
int,max,random,push/reserved,100000,1,839.708,872.292,100000,0,1469598103934665603
int,max,random,push/reserved,100000,2,873.5,865.458,100000,0,1469598103934665603
int,max,random,push/reserved,100000,3,848.166,881.083,100000,0,1469598103934665603
int,max,random,push/reserved,100000,4,830.167,847.166,100000,0,1469598103934665603
int,max,random,push/reserved,100000,5,832.459,837.584,100000,0,1469598103934665603
int,max,random,push/reserved,100000,6,804.75,825.583,100000,0,1469598103934665603
int,max,random,push/reserved,100000,7,832.167,868.75,100000,0,1469598103934665603
int,max,random,emplace/grow,100000,1,866.625,671.958,100000,0,1469598103934665603
int,max,random,emplace/grow,100000,2,864.125,647.291,100000,0,1469598103934665603
int,max,random,emplace/grow,100000,3,855.25,632.084,100000,0,1469598103934665603
int,max,random,emplace/grow,100000,4,887.667,622.667,100000,0,1469598103934665603
int,max,random,emplace/grow,100000,5,905.375,590.5,100000,0,1469598103934665603
int,max,random,emplace/grow,100000,6,856.209,594.791,100000,0,1469598103934665603
int,max,random,emplace/grow,100000,7,826.416,561.792,100000,0,1469598103934665603
int,max,random,pop/all,100000,1,2233.583,2777.333,0,100000,15693695882120474445
int,max,random,pop/all,100000,2,2219.5,2753.041,0,100000,15693695882120474445
int,max,random,pop/all,100000,3,2230.625,2753.5,0,100000,15693695882120474445
int,max,random,pop/all,100000,4,2237.625,2744.833,0,100000,15693695882120474445
int,max,random,pop/all,100000,5,2283.458,2749.834,0,100000,15693695882120474445
int,max,random,pop/all,100000,6,2234.709,2760.333,0,100000,15693695882120474445
int,max,random,pop/all,100000,7,2218.834,2751.25,0,100000,15693695882120474445
int,max,random,mixed/pop_push,100000,1,1653.334,2179.833,50000,50000,1374755916230125495
int,max,random,mixed/pop_push,100000,2,1650,2101.458,50000,50000,1374755916230125495
int,max,random,mixed/pop_push,100000,3,1655.125,2129.75,50000,50000,1374755916230125495
int,max,random,mixed/pop_push,100000,4,1659.25,2118.417,50000,50000,1374755916230125495
int,max,random,mixed/pop_push,100000,5,1662.459,2126.875,50000,50000,1374755916230125495
int,max,random,mixed/pop_push,100000,6,1656.375,2087.083,50000,50000,1374755916230125495
int,max,random,mixed/pop_push,100000,7,1664.375,2108.333,50000,50000,1374755916230125495
int,min,random,construct/range,100000,1,210.583,201,100000,0,1469598103934665603
int,min,random,construct/range,100000,2,217.75,185.417,100000,0,1469598103934665603
int,min,random,construct/range,100000,3,295.042,361.25,100000,0,1469598103934665603
int,min,random,construct/range,100000,4,295.25,279.041,100000,0,1469598103934665603
int,min,random,construct/range,100000,5,217.041,199.417,100000,0,1469598103934665603
int,min,random,construct/range,100000,6,211.125,151.583,100000,0,1469598103934665603
int,min,random,construct/range,100000,7,187.167,155.542,100000,0,1469598103934665603
int,min,random,push/grow,100000,1,862.208,860.25,100000,0,1469598103934665603
int,min,random,push/grow,100000,2,867.792,835.875,100000,0,1469598103934665603
int,min,random,push/grow,100000,3,914.5,851.666,100000,0,1469598103934665603
int,min,random,push/grow,100000,4,862.416,823.417,100000,0,1469598103934665603
int,min,random,push/grow,100000,5,931.916,921.208,100000,0,1469598103934665603
int,min,random,push/grow,100000,6,908.375,901.416,100000,0,1469598103934665603
int,min,random,push/grow,100000,7,952.709,915.125,100000,0,1469598103934665603
int,min,random,push/reserved,100000,1,851.417,832.083,100000,0,1469598103934665603
int,min,random,push/reserved,100000,2,882.542,829.833,100000,0,1469598103934665603
int,min,random,push/reserved,100000,3,875.625,841.75,100000,0,1469598103934665603
int,min,random,push/reserved,100000,4,885.209,809.125,100000,0,1469598103934665603
int,min,random,push/reserved,100000,5,880.25,831.625,100000,0,1469598103934665603
int,min,random,push/reserved,100000,6,883.334,814.166,100000,0,1469598103934665603
int,min,random,push/reserved,100000,7,859.708,826.5,100000,0,1469598103934665603
int,min,random,emplace/grow,100000,1,902.084,733.042,100000,0,1469598103934665603
int,min,random,emplace/grow,100000,2,883.292,713.292,100000,0,1469598103934665603
int,min,random,emplace/grow,100000,3,887.25,706.042,100000,0,1469598103934665603
int,min,random,emplace/grow,100000,4,850.583,698.209,100000,0,1469598103934665603
int,min,random,emplace/grow,100000,5,874.333,708.5,100000,0,1469598103934665603
int,min,random,emplace/grow,100000,6,862.25,708.375,100000,0,1469598103934665603
int,min,random,emplace/grow,100000,7,875.5,711.583,100000,0,1469598103934665603
int,min,random,pop/all,100000,1,2285.083,2851.625,0,100000,17633744043970407165
int,min,random,pop/all,100000,2,2279.792,2853.958,0,100000,17633744043970407165
int,min,random,pop/all,100000,3,2276.792,2852,0,100000,17633744043970407165
int,min,random,pop/all,100000,4,2327.916,2860.458,0,100000,17633744043970407165
int,min,random,pop/all,100000,5,2324.875,2876.209,0,100000,17633744043970407165
int,min,random,pop/all,100000,6,2281.209,2835.208,0,100000,17633744043970407165
int,min,random,pop/all,100000,7,2295.833,2834,0,100000,17633744043970407165
int,min,random,mixed/pop_push,100000,1,1801.833,2292.375,50000,50000,9912558771192686055
int,min,random,mixed/pop_push,100000,2,1771.25,2263.5,50000,50000,9912558771192686055
int,min,random,mixed/pop_push,100000,3,1800.292,2269.625,50000,50000,9912558771192686055
int,min,random,mixed/pop_push,100000,4,1762.5,2274.375,50000,50000,9912558771192686055
int,min,random,mixed/pop_push,100000,5,1775.625,2277.25,50000,50000,9912558771192686055
int,min,random,mixed/pop_push,100000,6,1770.125,2254.75,50000,50000,9912558771192686055
int,min,random,mixed/pop_push,100000,7,1783.375,2287.083,50000,50000,9912558771192686055
task64,max,random,construct/range,100000,1,917.917,972.416,100000,0,1469598103934665603
task64,max,random,construct/range,100000,2,957.958,979.208,100000,0,1469598103934665603
task64,max,random,construct/range,100000,3,872.792,891.5,100000,0,1469598103934665603
task64,max,random,construct/range,100000,4,1014.959,1058.042,100000,0,1469598103934665603
task64,max,random,construct/range,100000,5,982.792,943.541,100000,0,1469598103934665603
task64,max,random,construct/range,100000,6,1038.666,952.333,100000,0,1469598103934665603
task64,max,random,construct/range,100000,7,984.625,985.75,100000,0,1469598103934665603
task64,max,random,push/grow,100000,1,1910.583,1716.708,100000,0,1469598103934665603
task64,max,random,push/grow,100000,2,1862.75,1812.25,100000,0,1469598103934665603
task64,max,random,push/grow,100000,3,1927.75,1688.875,100000,0,1469598103934665603
task64,max,random,push/grow,100000,4,1820.167,1766.833,100000,0,1469598103934665603
task64,max,random,push/grow,100000,5,2031,1695.625,100000,0,1469598103934665603
task64,max,random,push/grow,100000,6,1765.25,1769.791,100000,0,1469598103934665603
task64,max,random,push/grow,100000,7,1957.5,1711.917,100000,0,1469598103934665603
task64,max,random,push/reserved,100000,1,1351.917,1342.75,100000,0,1469598103934665603
task64,max,random,push/reserved,100000,2,1314.625,1325.75,100000,0,1469598103934665603
task64,max,random,push/reserved,100000,3,1307.5,1387.166,100000,0,1469598103934665603
task64,max,random,push/reserved,100000,4,1321.916,1367.375,100000,0,1469598103934665603
task64,max,random,push/reserved,100000,5,1327.834,1336.041,100000,0,1469598103934665603
task64,max,random,push/reserved,100000,6,1297.083,1305.041,100000,0,1469598103934665603
task64,max,random,push/reserved,100000,7,1311.25,1362.791,100000,0,1469598103934665603
task64,max,random,emplace/grow,100000,1,2362.292,1864.709,100000,0,1469598103934665603
task64,max,random,emplace/grow,100000,2,2065.667,1966.667,100000,0,1469598103934665603
task64,max,random,emplace/grow,100000,3,2300.666,2077.333,100000,0,1469598103934665603
task64,max,random,emplace/grow,100000,4,1822.458,1807.042,100000,0,1469598103934665603
task64,max,random,emplace/grow,100000,5,2188.458,1731.458,100000,0,1469598103934665603
task64,max,random,emplace/grow,100000,6,1843.583,1800.375,100000,0,1469598103934665603
task64,max,random,emplace/grow,100000,7,2102,1846.792,100000,0,1469598103934665603
task64,max,random,pop/all,100000,1,7672.542,7737.792,0,100000,6849013424519011957
task64,max,random,pop/all,100000,2,7779.75,7726.083,0,100000,6849013424519011957
task64,max,random,pop/all,100000,3,7739.291,7734.417,0,100000,6849013424519011957
task64,max,random,pop/all,100000,4,7802.959,7707.333,0,100000,6849013424519011957
task64,max,random,pop/all,100000,5,7701.417,7699.666,0,100000,6849013424519011957
task64,max,random,pop/all,100000,6,7770.916,7735.375,0,100000,6849013424519011957
task64,max,random,pop/all,100000,7,7686.208,7758.791,0,100000,6849013424519011957
task64,max,random,mixed/pop_push,100000,1,3435.334,3659.292,50000,50000,5344770994754557633
task64,max,random,mixed/pop_push,100000,2,3507.667,3594.667,50000,50000,5344770994754557633
task64,max,random,mixed/pop_push,100000,3,3479.667,3639.042,50000,50000,5344770994754557633
task64,max,random,mixed/pop_push,100000,4,3535.375,3600.084,50000,50000,5344770994754557633
task64,max,random,mixed/pop_push,100000,5,3399.625,3607.125,50000,50000,5344770994754557633
task64,max,random,mixed/pop_push,100000,6,3509.292,3595.709,50000,50000,5344770994754557633
task64,max,random,mixed/pop_push,100000,7,3464.166,3622.333,50000,50000,5344770994754557633
task64,min,random,construct/range,100000,1,861.792,806.959,100000,0,1469598103934665603
task64,min,random,construct/range,100000,2,916.75,835.125,100000,0,1469598103934665603
task64,min,random,construct/range,100000,3,886.167,885.5,100000,0,1469598103934665603
task64,min,random,construct/range,100000,4,970.875,873.083,100000,0,1469598103934665603
task64,min,random,construct/range,100000,5,912.917,798.334,100000,0,1469598103934665603
task64,min,random,construct/range,100000,6,884.583,783.75,100000,0,1469598103934665603
task64,min,random,construct/range,100000,7,912.167,868.75,100000,0,1469598103934665603
task64,min,random,push/grow,100000,1,2230.667,1851.916,100000,0,1469598103934665603
task64,min,random,push/grow,100000,2,1913,1831.833,100000,0,1469598103934665603
task64,min,random,push/grow,100000,3,2437.667,1903.333,100000,0,1469598103934665603
task64,min,random,push/grow,100000,4,1891.875,1881.958,100000,0,1469598103934665603
task64,min,random,push/grow,100000,5,2182,1772.042,100000,0,1469598103934665603
task64,min,random,push/grow,100000,6,1864.417,1850.291,100000,0,1469598103934665603
task64,min,random,push/grow,100000,7,2025.208,1794.917,100000,0,1469598103934665603
task64,min,random,push/reserved,100000,1,1392.25,1450.417,100000,0,1469598103934665603
task64,min,random,push/reserved,100000,2,1418.416,1406.792,100000,0,1469598103934665603
task64,min,random,push/reserved,100000,3,1322.875,1372.541,100000,0,1469598103934665603
task64,min,random,push/reserved,100000,4,1356.5,1357.083,100000,0,1469598103934665603
task64,min,random,push/reserved,100000,5,1374.417,1433.125,100000,0,1469598103934665603
task64,min,random,push/reserved,100000,6,1395.875,1375.084,100000,0,1469598103934665603
task64,min,random,push/reserved,100000,7,1297.542,1426.166,100000,0,1469598103934665603
task64,min,random,emplace/grow,100000,1,2044.208,1759.541,100000,0,1469598103934665603
task64,min,random,emplace/grow,100000,2,1989.791,1880.917,100000,0,1469598103934665603
task64,min,random,emplace/grow,100000,3,2082.666,1727.292,100000,0,1469598103934665603
task64,min,random,emplace/grow,100000,4,1774.791,1750.458,100000,0,1469598103934665603
task64,min,random,emplace/grow,100000,5,1988.834,1701.333,100000,0,1469598103934665603
task64,min,random,emplace/grow,100000,6,1768.875,1787.167,100000,0,1469598103934665603
task64,min,random,emplace/grow,100000,7,2102.375,1728.208,100000,0,1469598103934665603
task64,min,random,pop/all,100000,1,7752.667,7848.5,0,100000,6838585112324459749
task64,min,random,pop/all,100000,2,7860.959,7677.334,0,100000,6838585112324459749
task64,min,random,pop/all,100000,3,7908.917,7917.209,0,100000,6838585112324459749
task64,min,random,pop/all,100000,4,7887.042,7818.125,0,100000,6838585112324459749
task64,min,random,pop/all,100000,5,7776.292,7847.25,0,100000,6838585112324459749
task64,min,random,pop/all,100000,6,7888,7720.792,0,100000,6838585112324459749
task64,min,random,pop/all,100000,7,7789.208,7841.25,0,100000,6838585112324459749
task64,min,random,mixed/pop_push,100000,1,3492.25,3672.5,50000,50000,18262921171940228245
task64,min,random,mixed/pop_push,100000,2,3503.041,3639.167,50000,50000,18262921171940228245
task64,min,random,mixed/pop_push,100000,3,3443.083,3604.583,50000,50000,18262921171940228245
task64,min,random,mixed/pop_push,100000,4,3516.792,3589.458,50000,50000,18262921171940228245
task64,min,random,mixed/pop_push,100000,5,3487.625,3640.75,50000,50000,18262921171940228245
task64,min,random,mixed/pop_push,100000,6,3494.792,3631.083,50000,50000,18262921171940228245
task64,min,random,mixed/pop_push,100000,7,3434.334,3591.167,50000,50000,18262921171940228245
