type,case,n,trial,mystl_us,std_us,mystl_capacity,std_capacity,checksum
int,push_back/grow,200000,1,653.5,234.833,262144,262144,11324368783355965904
int,push_back/grow,200000,2,634.167,229.666,262144,262144,11324368783355965904
int,push_back/grow,200000,3,637.833,235.167,262144,262144,11324368783355965904
int,push_back/grow,200000,4,642.25,213.584,262144,262144,11324368783355965904
int,push_back/grow,200000,5,636.583,227.416,262144,262144,11324368783355965904
int,push_back/grow,200000,6,630.334,220.375,262144,262144,11324368783355965904
int,push_back/grow,200000,7,744,261.375,262144,262144,11324368783355965904
int,push_back/grow,200000,8,791,300.084,262144,262144,11324368783355965904
int,push_back/grow,200000,9,785.791,298.959,262144,262144,11324368783355965904
int,push_back/reserved,200000,1,470.042,111.5,200000,200000,11324368783355965904
int,push_back/reserved,200000,2,468.417,115.791,200000,200000,11324368783355965904
int,push_back/reserved,200000,3,471.833,96.75,200000,200000,11324368783355965904
int,push_back/reserved,200000,4,390.75,96.709,200000,200000,11324368783355965904
int,push_back/reserved,200000,5,402.167,96.459,200000,200000,11324368783355965904
int,push_back/reserved,200000,6,389.333,96.209,200000,200000,11324368783355965904
int,push_back/reserved,200000,7,405.5,96.375,200000,200000,11324368783355965904
int,push_back/reserved,200000,8,345.875,96.291,200000,200000,11324368783355965904
int,push_back/reserved,200000,9,359.583,85.292,200000,200000,11324368783355965904
int,range_construct,200000,1,17,17.708,200000,200000,11324368783355965904
int,range_construct,200000,2,17.083,17.792,200000,200000,11324368783355965904
int,range_construct,200000,3,17.084,17.25,200000,200000,11324368783355965904
int,range_construct,200000,4,17.083,17.083,200000,200000,11324368783355965904
int,range_construct,200000,5,15.833,16.25,200000,200000,11324368783355965904
int,range_construct,200000,6,15.833,15.75,200000,200000,11324368783355965904
int,range_construct,200000,7,15.334,15.709,200000,200000,11324368783355965904
int,range_construct,200000,8,16.25,16.25,200000,200000,11324368783355965904
int,range_construct,200000,9,16.417,15.5,200000,200000,11324368783355965904
int,copy_construct,200000,1,19.708,14.5,200000,200000,11324368783355965904
int,copy_construct,200000,2,19.375,14.458,200000,200000,11324368783355965904
int,copy_construct,200000,3,17.916,13.166,200000,200000,11324368783355965904
int,copy_construct,200000,4,18.125,13.166,200000,200000,11324368783355965904
int,copy_construct,200000,5,17.791,13.209,200000,200000,11324368783355965904
int,copy_construct,200000,6,17.708,13.333,200000,200000,11324368783355965904
int,copy_construct,200000,7,17.708,13.417,200000,200000,11324368783355965904
int,copy_construct,200000,8,17.833,13.125,200000,200000,11324368783355965904
int,copy_construct,200000,9,17.708,13.333,200000,200000,11324368783355965904
int,assign/reuse,200000,1,16.583,13.834,200000,200000,11324368783355965904
int,assign/reuse,200000,2,15.375,13.416,200000,200000,11324368783355965904
int,assign/reuse,200000,3,15.333,13.375,200000,200000,11324368783355965904
int,assign/reuse,200000,4,15.333,13.584,200000,200000,11324368783355965904
int,assign/reuse,200000,5,15.375,13.416,200000,200000,11324368783355965904
int,assign/reuse,200000,6,15.625,13.583,200000,200000,11324368783355965904
int,assign/reuse,200000,7,15.5,13.375,200000,200000,11324368783355965904
int,assign/reuse,200000,8,15.416,13.5,200000,200000,11324368783355965904
int,assign/reuse,200000,9,15.292,13.416,200000,200000,11324368783355965904
int,insert/middle_batch,200000,1,7.416,7.291,212500,212500,661086875482189452
int,insert/middle_batch,200000,2,7.25,7.292,212500,212500,661086875482189452
int,insert/middle_batch,200000,3,7.25,7.333,212500,212500,661086875482189452
int,insert/middle_batch,200000,4,7.25,7.208,212500,212500,661086875482189452
int,insert/middle_batch,200000,5,7.333,7.209,212500,212500,661086875482189452
int,insert/middle_batch,200000,6,7.209,7.25,212500,212500,661086875482189452
int,insert/middle_batch,200000,7,7.208,7.25,212500,212500,661086875482189452
int,insert/middle_batch,200000,8,7.458,7.542,212500,212500,661086875482189452
int,insert/middle_batch,200000,9,7.375,7.458,212500,212500,661086875482189452
int,erase/middle_range,200000,1,7.083,6.916,200000,200000,2466771286629861592
int,erase/middle_range,200000,2,7.042,6.916,200000,200000,2466771286629861592
int,erase/middle_range,200000,3,6.958,7,200000,200000,2466771286629861592
int,erase/middle_range,200000,4,6.958,6.917,200000,200000,2466771286629861592
int,erase/middle_range,200000,5,6.959,6.916,200000,200000,2466771286629861592
int,erase/middle_range,200000,6,6.916,6.917,200000,200000,2466771286629861592
int,erase/middle_range,200000,7,7.041,6.917,200000,200000,2466771286629861592
int,erase/middle_range,200000,8,6.958,6.875,200000,200000,2466771286629861592
int,erase/middle_range,200000,9,7.042,6.959,200000,200000,2466771286629861592
int,resize/grow,200000,1,9.042,7.334,200000,200000,1828178655901717293
int,resize/grow,200000,2,8.916,7.333,200000,200000,1828178655901717293
int,resize/grow,200000,3,8.916,7,200000,200000,1828178655901717293
int,resize/grow,200000,4,8.541,7.041,200000,200000,1828178655901717293
int,resize/grow,200000,5,8.5,7,200000,200000,1828178655901717293
int,resize/grow,200000,6,8.542,7,200000,200000,1828178655901717293
int,resize/grow,200000,7,8.583,7.167,200000,200000,1828178655901717293
int,resize/grow,200000,8,8.5,7,200000,200000,1828178655901717293
int,resize/grow,200000,9,8.5,7.084,200000,200000,1828178655901717293
string80,push_back/grow,200000,1,3647.667,3158.542,262144,262144,15154846961761241031
string80,push_back/grow,200000,2,3295.625,3041.708,262144,262144,15154846961761241031
string80,push_back/grow,200000,3,3392.542,2798.791,262144,262144,15154846961761241031
string80,push_back/grow,200000,4,3137.875,2900.917,262144,262144,15154846961761241031
string80,push_back/grow,200000,5,3281.875,2771.583,262144,262144,15154846961761241031
string80,push_back/grow,200000,6,3739.917,3148.416,262144,262144,15154846961761241031
string80,push_back/grow,200000,7,3641.709,3315.917,262144,262144,15154846961761241031
string80,push_back/grow,200000,8,3738.75,3181.375,262144,262144,15154846961761241031
string80,push_back/grow,200000,9,3708.166,3281.5,262144,262144,15154846961761241031
string80,push_back/reserved,200000,1,2718.166,2538.542,200000,200000,15154846961761241031
string80,push_back/reserved,200000,2,2831,2679.792,200000,200000,15154846961761241031
string80,push_back/reserved,200000,3,2762.042,2649,200000,200000,15154846961761241031
string80,push_back/reserved,200000,4,2547.125,2465.375,200000,200000,15154846961761241031
string80,push_back/reserved,200000,5,2838.625,2592.041,200000,200000,15154846961761241031
string80,push_back/reserved,200000,6,2863.667,2668.875,200000,200000,15154846961761241031
string80,push_back/reserved,200000,7,3224.666,4240.875,200000,200000,15154846961761241031
string80,push_back/reserved,200000,8,3398.375,3145.167,200000,200000,15154846961761241031
string80,push_back/reserved,200000,9,3971.5,3016.833,200000,200000,15154846961761241031
string80,range_construct,200000,1,2579.541,2616.083,200000,200000,15154846961761241031
string80,range_construct,200000,2,2933.083,2726.375,200000,200000,15154846961761241031
string80,range_construct,200000,3,2654.583,2570.833,200000,200000,15154846961761241031
string80,range_construct,200000,4,2512.209,2607.25,200000,200000,15154846961761241031
string80,range_construct,200000,5,2513.709,2770.5,200000,200000,15154846961761241031
string80,range_construct,200000,6,2692.458,2796.708,200000,200000,15154846961761241031
string80,range_construct,200000,7,2603.375,2484.333,200000,200000,15154846961761241031
string80,range_construct,200000,8,2431.042,2518.916,200000,200000,15154846961761241031
string80,range_construct,200000,9,2597.833,2546.209,200000,200000,15154846961761241031
string80,copy_construct,200000,1,2615.792,2509.583,200000,200000,15154846961761241031
string80,copy_construct,200000,2,2899.25,2796.584,200000,200000,15154846961761241031
string80,copy_construct,200000,3,3129,3052.625,200000,200000,15154846961761241031
string80,copy_construct,200000,4,3018.125,3100.583,200000,200000,15154846961761241031
string80,copy_construct,200000,5,3398.333,3715.041,200000,200000,15154846961761241031
string80,copy_construct,200000,6,2962,2991.417,200000,200000,15154846961761241031
string80,copy_construct,200000,7,2773.583,2585.709,200000,200000,15154846961761241031
string80,copy_construct,200000,8,2828.5,2751.5,200000,200000,15154846961761241031
string80,copy_construct,200000,9,2608.167,2587.458,200000,200000,15154846961761241031
string80,assign/reuse,200000,1,1975.334,2016.625,200000,200000,15154846961761241031
string80,assign/reuse,200000,2,1791.459,2106.458,200000,200000,15154846961761241031
string80,assign/reuse,200000,3,1980.458,1962,200000,200000,15154846961761241031
string80,assign/reuse,200000,4,1819.416,1973.292,200000,200000,15154846961761241031
string80,assign/reuse,200000,5,1942.042,2002.292,200000,200000,15154846961761241031
string80,assign/reuse,200000,6,1811.875,1906.25,200000,200000,15154846961761241031
string80,assign/reuse,200000,7,1887.375,2078.959,200000,200000,15154846961761241031
string80,assign/reuse,200000,8,2302.5,1834.875,200000,200000,15154846961761241031
string80,assign/reuse,200000,9,2049.875,2173.083,200000,200000,15154846961761241031
string80,insert/middle_batch,200000,1,242.833,247.458,212500,212500,6908996533729856683
string80,insert/middle_batch,200000,2,226.75,224.959,212500,212500,6908996533729856683
string80,insert/middle_batch,200000,3,248.75,268.084,212500,212500,6908996533729856683
string80,insert/middle_batch,200000,4,240.125,240.75,212500,212500,6908996533729856683
string80,insert/middle_batch,200000,5,231.416,221.458,212500,212500,6908996533729856683
string80,insert/middle_batch,200000,6,227.833,231.375,212500,212500,6908996533729856683
string80,insert/middle_batch,200000,7,230.375,216.625,212500,212500,6908996533729856683
string80,insert/middle_batch,200000,8,219.834,239.167,212500,212500,6908996533729856683
string80,insert/middle_batch,200000,9,227.458,246.75,212500,212500,6908996533729856683
string80,erase/middle_range,200000,1,540.292,625.042,200000,200000,14117789628553592291
string80,erase/middle_range,200000,2,540.792,573.833,200000,200000,14117789628553592291
string80,erase/middle_range,200000,3,579.25,637.375,200000,200000,14117789628553592291
string80,erase/middle_range,200000,4,518.083,574.959,200000,200000,14117789628553592291
string80,erase/middle_range,200000,5,532.542,564.792,200000,200000,14117789628553592291
string80,erase/middle_range,200000,6,581.042,613.917,200000,200000,14117789628553592291
string80,erase/middle_range,200000,7,591.667,579.917,200000,200000,14117789628553592291
string80,erase/middle_range,200000,8,552.875,540.291,200000,200000,14117789628553592291
string80,erase/middle_range,200000,9,616,657.292,200000,200000,14117789628553592291
string80,resize/grow,200000,1,366,400.791,200000,200000,14004769622989013431
string80,resize/grow,200000,2,321.042,237.583,200000,200000,14004769622989013431
string80,resize/grow,200000,3,321.208,197.209,200000,200000,14004769622989013431
string80,resize/grow,200000,4,311.041,186.834,200000,200000,14004769622989013431
string80,resize/grow,200000,5,296.375,191.5,200000,200000,14004769622989013431
string80,resize/grow,200000,6,336.875,199.041,200000,200000,14004769622989013431
string80,resize/grow,200000,7,293.708,207.25,200000,200000,14004769622989013431
string80,resize/grow,200000,8,293.834,190.75,200000,200000,14004769622989013431
string80,resize/grow,200000,9,336.666,227.833,200000,200000,14004769622989013431
